,property,kansei,cosine_sim
19,interaktif,komunikatif,0.5652423
38,metode,konvensional,0.5486168
20,kegiatan,rutin,0.53669983
39,murid,tua,0.52706873
23,komunikasi,komunikatif,0.5198564
26,latihan,rutin,0.5061897
33,mendidik,tua,0.502949
50,penyampaian,komunikatif,0.4997464
17,guru,tua,0.4910122
48,penggunaan,efektif,0.48626298
13,dipelajari,relevan,0.45925656
22,kesehatan,buruk,0.45925567
32,memanfaatkan,leluasa,0.4511085
40,nilai-nilai,sesuai,0.44949138
42,pembelajaran,efektif,0.44543427
52,teknik,konvensional,0.43998381
28,manfaat,besar,0.436926
34,mengajar,efektif,0.43287095
44,penerapan,konvensional,0.4327809
24,konsep,sesuai,0.42952728
7,belajar,sukses,0.42895076
14,disampaikan,sesuai,0.422488
21,kemauan,sesuai,0.41862208
36,menyampaikan,sesuai,0.4147371
3,arahan,sesuai,0.41403052
35,mengajarkan,efektif,0.41322368
46,pengajaran,efektif,0.41187343
47,pengelolaan,efektif,0.41022745
16,evaluasi,rutin,0.4086512
4,bahan,murah,0.40557253
41,pelajaran,relevan,0.40220106
9,bidang,luas,0.39460868
12,diajarkan,efektif,0.39367783
29,materi,relevan,0.39187348
18,hukum,konvensional,0.38627586
30,materi-materi,relevan,0.38327065
8,belajar-mengajar,komunikatif,0.38321462
5,bahasan,relevan,0.3817023
10,bimbingan,tua,0.38146085
45,pengajar,tua,0.3775833
15,dosen,tua,0.37422353
51,penyampain,efektif,0.3672444
31,megajar,tua,0.35647288
27,mahasiswa,tua,0.3564117
43,pemengajaran,konvensional,0.35378218
49,penyajian,relevan,0.3516489
6,bantuan,besar,0.34456256
53,ujiankan,sukses,0.34175023
11,diajar,tua,0.3348312
1,ajaran,sesuai,0.33445135
25,kuliah,relevan,0.32384497
0,ajar,relevan,0.3230092
2,ajarkan,tua,0.31610155
37,meteri,sesuai,0.30320618
