,property,kansei,cosine_sim
10,kehidupan,sehari-hari,0.6751644
31,tambahan,khusus,0.5744857
13,kompleks,sederhana,0.563112
3,berkembang,cepat,0.54520833
8,informasi,rinci,0.5421468
15,kualitas,bagus,0.5289761
23,peningkatan,terutama,0.5071276
18,pemahaman,jelas,0.5044518
20,pengalaman,terbaik,0.50223964
9,inspirasi,kreatif,0.4926931
25,perubahan,baru,0.49208745
19,pembahasan,rinci,0.48361084
12,kemampuan,baik,0.48065668
14,kondisi,baik,0.48039857
21,pengetahuan,banyak,0.47197205
29,proses,penting,0.47185615
28,professional,baik,0.47006902
24,pertemuan,kedua,0.46727285
30,sistem,umum,0.4664394
1,anggota,salah,0.46191442
5,diskusi,terbuka,0.4490935
11,kelompok,terutama,0.44744176
6,diskusikan,terlebih,0.44510332
4,berlatih,konsisten,0.44363412
17,menguasai,asing,0.43838167
33,topik,hangat,0.42879876
22,penguasaan,terutama,0.42857867
16,manajemen,utama,0.42605978
7,ilmu,penting,0.4245873
2,berdiskusi,terbuka,0.41805542
0,acuan,penting,0.416414
32,teknologi,kreatif,0.41498914
26,presentasi,singkat,0.36293814
27,presentasikan,langsung,0.33400163
