{"cara mengajar cukup baik": 197, "cara mengajar sudah baik": 36, "saat menjelaskan materi jelas dan materi yang disampaikan terstruktur": 8, "volume suara diperbesar sedikit, hingga kedengeran sampai baris belakang": 8, "cara mengajarnya mudah untuk dapat dipahami": 8, "mengajar dengan memperhatikan mahasiswa, cara belajar mahasiswa, lebih disiplin.": 7, "Baik dalam penyampaian materi": 7, "cara menejaskan sudah cukup baik, lebih baik lagi kalau bisa menghidupkan suasana kelas": 7, "cara mengajar yang baik": 6, "Sangat bagus dalam mengajar, pertahankan dan tingkatkan": 6}