{"Aditya Rachmadi, S.ST., MTI.": ["cara mengajar sudah baik", "Jangan terlalu sering tidak masuk mengajar, karena mahasiswa akan tidak mengerti materi yang seharusnya di dapatkan", "Bapak Aditya Rachmadi sangat baik dalam menyampaikan materi mata kuliahnya, beliau sangat baik dan bijaksana, selalu sabar saat menghadapi mahasiswa. ", "cara mengajar cukup baik", "Usahakan masuk mengajar pak :`(", "cara mengajar sudah baik", "semoga ujian penyakit yang di alami bapak segera di cabut oleh Allah SWT, karena menurut saya bapak memiliki kemampuan untuk mengajak interaksi mahasiswa dalam belajar materi apa yang anda sampaikan sehingga mahasiswa merasa nyaman dan tertarik dengan materi yang bapak sampaikan.", "mengajar dengan memperhatikan mahasiswa, cara belajar mahasiswa, lebih disiplin.", "Menjelaskan materi lebih perlahan dan detail, serta memperbanyak contoh - contoh dari materi yang diberikan", "Saat Memberikan informasi diharapkan tidak terlalu mendadak"], "Admaja Dwi Herlambang, S.Pd., M.Pd": ["Suasana belajar menarik dan mudah untuk dipahami", "Bisa lebih menghidupkan suasana kelas ", "Lebih jelas dan lebih lengkap lagi ketika memberikan informasi terkait tugas", "Sangat baik dalam menyampaikan sesuatu, dan ketika mahasiswa kurang memahami akan dijelaskan secara ringkas sampai mahasiswa merasa paham. Dalam penyampaian juga bahasa yang digunakan baik", "mengajar dengan cukup baik", "Sudah baik mengajarnya tapi untuk masalah komunikasi terlalu formal", "Sangat baik, karena matkul ini dapat dirasa langsung penerapannya dengan project akhir. Lanjutkan pak!", "Sudah baik dalam proses mengajar. Terimakasih atas ilmu yang telah diberikan.", "Pertahankan cara menjelaskan seperti ini pak", "Pak Herlambang cara mengajarnya sangat enak. Saya jadi paham atas apa yang disampaikan dikelas. Mengerjakan UAS dan UTS pun jadi sangat mudah. Terimakasih ya pak, semoga barokah ilmu yang disampaikan."], "Ahmad Afif Supianto, S.Si., M.Kom.": ["kisi - kisi sebelum uts mungkin bisa di sampaikan supaya tidak salah belajar", "mungkin memperbanyak contoh soal  supaya penyampaian materi lebih dipahami, Semangat Pak", "Sebaiknya lebih banyak lagi latihan soal saat kegiatan perkuliahan sehingga mahasiswa lebih memahami teknik setiap algoritma yang dipelajari", "1) Pertegas lagi aturan dikelasnya pak,2) tugas diperbanyak pak, untuk mengantisipasi nilai uts/uas anjlok, 3) adakan kelas tambahan saja pak apabila jadwal kuliah bertepatan dengan hari libur nasional atau sejenisnya.", "Cara mengajarnya sudah sangat baik pak sehingga meteri yang sulit pun jadi dapat dipahami dengan mudah. Terima kasih pak.", "Mohon tugas akhir dipermudah", "cara mengajar sudah baik", "Semoga ditingkatkan lagi dalam masalah pelibatan mahasiswa dalam belajar", "Suasana belajar menarik dan mudah untuk dipahami", "cara mengajar cukup baik"], "Alfi Nur Rusydi, S.Si., M.Sc.": ["Lebih toleran kepada yang terlambat, kasihan gak diabsen biasanya", "Tolonglah berikan toleransi keterlambatan sedikit saja, muridmu datang telat cuma 1 detik loh", "Materi yang di sampaikan alangka baiknya di bagikan , agar mahasiswa mempunyai patokan mengenai sub bab materi, karena sifat, karakter dan pemikiran tiap mahasiswa tidak sama. terimakasih ilmu nya selama 1 semster ini pak alfi", "cara mengajar cukup baik", "Lama pengerjaan tugas kalo bisa lebih dari 1 hari", "masalah dispen untuk di kelas di perhatikan lagi pak, soalnya ada beberapa event yang surat dispennya tidak bisa langsung di proses, terus diliat juga urgensinya seperti apa kalau misalnya mahasiswa membawa nama FILKOM yang sakalanya fakultas pastinya sudah ada ttd dari atasan FILKOM sendiri dan juga kadang bukan dari kemauan mahasiswa mengenai dispen yang telat melainkan terkadang dari bagian yang membuat dispen itu memang agak terlambat mengeluarkan surat dispen tersebut.", "semoga kedepannya lebih bisa membawa suasana dalam perkuliahan", "lebih memberikan pemahaman mengenai materi yang disampaikan", "Lebih jelas dalam memberi materi", "cara mengajar cukup baik"], "Andi Reza Perdanakusuma,  S.Kom., M.MT..": ["sangat interaktif", "mengajar dengan memperhatikan mahasiswa, cara belajar mahasiswa, lebih disiplin.", "Perlu adanya intermeso yang menarik soalnya jam kuliah mpsi adalah jam waktu tidur siang", "Penjelasan yang diberikan oleh bapak sudah sangat jelas menurut saya, tetapi tentu akan lebih hidup lagi kelasnya jika disela sela penjelasan bapak juga diberikan candaan ringan agar penjelasan tidak terlalu berat dan serius. Penjelasan yang bapak berikan juga dapat dikatakan mudah dipahami oleh level mahasiswa sehingga mudah untuk saya serap. Mungkin untuk saran bisa ditambahkan projek untuk lebih mengerti bagaimana seharusnya manajemen projek dilaksanakan dalam kerja nyata", "cara mengajar cukup baik", "Harap tidak sering mengadakan kelas pengganti di luar jadwal", "Sebaiknya contoh yang diberikan tidak terlalu banyak dan terlalu jauh dari materi yang disampaikan ,sehingga materi dapat dipahami", "Memberikan kesimpulan di akhir materi ", "Kurangi kalimat \"katakanlah..\"dan kurangi tugasnya. Makasih pak", "Semoga sehat selalu pak. Bapak dosen yang sangat baik dan bagus dalam mengajar. Sangat disayangkan bapak sering sakit. Saya hanya mendoakan semoga bapak bisa sehat dan terus mendampingi mahasiswa/i bapak"], "Anggi Gustiningsih HapsanS.Kom., M.Kom": ["cara mengajar sudah baik", "Semoga terus bisa menjadi dosen yang mudah dalam mengajarkan materi dan bisa memotivasi mahasiswa", "mohon untuk sering menghadiri kelas tepat waktu, terimaksih", "Lebih dekat lagi dengan mahasiswa", "Mungkin lebih diperbanyak latihan bersamanya pada matakuliah PDB, Semangat Buk", "Terima kasih atas ilmu yang diberikan selama satu semester ini, cara mengajarnya enak, sayanya aja yang rada2", "tingkatkan lagi cara mengajar", "tingkatkan lagi cara mengajar", "Sering tidak masuk membuat saya malas kuliah"], "Aryo Pinandito, S.T., M.MT.": ["cukup professional. mohon untuk metode kuis diperbaiki dikarenakan banyak merugikan mahasiswa", "Tetap pertahankan. Kami benar benar butuh Dosen yang tulus mengajar seperti bapak.", "Semoga selalu dapat mempertahankan sikap dan penyampaian materi", "Semoga selalu dapat mempertahankan sikap dan cara menyampaikan materi", "cara mengajar cukup baik", "cara mengajar sudah baik", "Bapak mengajarnya menyenangkan, jelas, dan padat. Mungkin untuk sarannya untuk materi DFD juga diajak mahasiswanya untuk praktek juga. Terima Kasih.", "Bapak mengajarnya menyenangkan, jelas, dan padat. Mungkin untuk sarannya diajarkan juga cara memakai framework untuk PABW. Terima Kasih.", "cara mengajar cukup baik", "cara mengajar cukup baik"], "Bhawiyuga, ST., M.Sc.": ["cara mengajar sudah baik dan pembahasan soal-soal dalam pembelajaran bisa dilakukan lebih lagi", "Ibunya baik bangett, materi yang disampaikan juga sangat bermanfaat dan tidak pernah membosankan, namun alangkah baiknya apabila ibu ari lebih sering menghadiri perkuliahan", "Kelas pengganti mungkin bisa membantu", "semoga kedepannya dalam menyelenggarakan kuliah supaya lebih baik dalam menyampaikan kepada mahasiswa", "Terimakasih. penilaian tidak baik bu dari urutan pekerjaan hehe", "Mengadakan kelas pengganti ketika tidak ada kelas. ", "Bu ari kalau menjelaskan enak dan jelas, saya mudeng", "cara mengajar sudah baik", "cara mengajar cukup baik terimakasih Ibu, saya melihat ibu termasuk dosen yang bijak", "Kejelasan untuk hadir dikelas kurang, kejelasan tugas juga kadang masih kurang karna hanya di sampaikan lewat email"], "Buce Trias HanggaraS.Kom., M.Kom": ["Pak buce sip deh kalau mengajar mudah dimengerti, tugas juga jarang dikasih juga, lanjutkan pak. semoga mahsiswa ajaran bapak tahun ini dapat nilai bagus semua", "Seru dan sepi kelasnya ", "bagus pak buce dalam penyampaiannya sangat mudah untuk dicerna", "semoga kedepannya penyampaian materi serta penerapan ilmu bisa di tangkap dan diterapkan oleh mahasiswa", "saat pembelajaran dipertegas pak. seperti hanya menjelaskan sendiri jadinya didepan", "Hukum aja pak yang telat ngumpulin tugas", "Semoga cara mengajarnya lebih baik dan mudah dipahami", "Terima kasih atas ilmunya selama 3 semester berturut-turut ini pak. Saya selalu mendapatkan nilai yang memuaskan dari bapak meskipun maaf cara mengajar bapak saya saya kurang mengerti.", "cara mengajar yang baik", "sudah bagus mantap, mungkin suaranya aja yang agak dikeraskan"], "Budi Darma Setiawan, S.Kom., M.Cs.": ["dosen yang aktif, saat mengajar dia memberikan berbagai tantangan dan apabila berhasil menyelesaikan tantangan mendapat poin tambahan. itu salah satu cara yang baik untuk pendekatan dosen terhadap mahasiswa dan membangun kelas yang aktif. Metode belajar sangat baik sehingga mahasiswa dapat mudah mengerti dan tidak bosan belajar di kelas. Dalam penyampaian materi sangat baik dan menyenangkan.", "Menjelang UTS dan UAS mohon diberikan soal latihan pak.Terima kasih", "mengajarnya sudah baik", "cara mengajar cukup baik", "Sebaiknya diberikan latihan soal setiap akhir pertemuan, karena mata kuliah pemograman merupakan mata kuliah yang membutuhkan latihan rutin. Mungkin dengan pemberian soal yang sesuai dapat meningkatkan kemampuan mahasiswa memahami materi", "Terima kasih banyak pak. Saya suka gaya belajar dengan bapak namun setelah menjalani beberapa bulan saya merasa lebih baik ketika diberikan suatu tugas untuk tiap pertemuan yang berhubungan dengan materi yang diajarkan sehingga lebih ingat dan bisa praktek sendiri. Semoga bapak sehat selalu, aamiin.", "Pemilihan mahasiswa untuk maju ke depan coding berdasarkan acak, dikurangi", "Makasih pak, atas ilmunya satu semester ini. Seneng diajar sama bapak, enak mengajarnya santai", "Sangat baik dalam pemberian materi serta tugas yang diberikan dapat membuat mahasiswa lebih memahami materi", "Sering memberi soal"], "Destriana Saraswati, M.Phil.": ["Sudah baik dalam melakukan pengajaran sebagai dosen, lebih ditingkatkan lagi cara menyampaikan materi agar mahasiswa mudah dalam memahaminya", "sebaiknya kuis tidak mendadak", "Ibu Destriana sangat menguasai mata kuliah yang diajarkannya, beliau sangat mampu menghidupkan suasana kelas, dosen yang baik hati dan ceria.", "Suasana saat kuliah santai tapi serius, itu yang membuat mahasiswa suka ", "cara mengajar sudah baik", "cara mengajar sudah baik", "Lebih tegas apabila ada mahasiswa yang telat lebih dari kesepakatan awal", "perbanyak contoh kasus di masyarakat, Semangat dan terimakai ataas 1 semesternya buk", "cara menj3laskan sudah cukup baik, lebih baik lagi kalau bisa menghidupkan suasana kelas", "Sudah baik dalam proses mengajar. Terimakasih atas ilmu yang telah diberikan."], "Djoko Pramono, ST., M.Kom.": ["Lebih interaktif lagi dengan mahasiswa", "Lebih ditingkatkan lagi dalam penyampaian materinya pak", "Kalo menjelaskan suaranya dikencengin lagi yaa,biar bapaknya bisa dihargain sama yang lain juga", "mengajar dengan memperhatikan mahasiswa, cara belajar mahasiswa, lebih disiplin.", "lebih semangat dalam mendidik terimakasih", "Sudah bagus dalam melakukan kegiatan pembelajaran", "semoga kedepannya lebih bisa mencairkan suasana dan memberikan materi dengan menarik", "Bisa lebih perhatian terhadap mahasiswa", "Suaranya lebih dikeraskan lagi ya pak ", "Lain kali lebih ditingkatkan lagi cara menghidupkan suasana di kelas,biasanya bapak hanya menerangkan tanpa memikirkan mahasiswanya memerhatikan atau tidak. "], "Dra.  Sri Nur Kudri,M.Ag": ["Menurut saya dalam mengajar sudah baik, namun waktu mulai perkuliahan cukup lama.", "sebaiknya lebih tepat waktu", "lebih semangat dalam mendidik terimakasih", "semoga bisa mempertahankan cara mengajar yang mengutamakan diskusi", "cara mengajar cukup baik", "Sangat baik dalam menjelaskan", "sudah mengajar dengan baik", "Sudah baik dalam kegiatan pembelajaran", "Lebih tepat waktu lagi", "perlu meningkatkan ketepatan waktu saja"], "Drs. Fadholi, M.Ag.": ["cara mengajar cukup baik", "Bapak Fadholi sangat memahami materi, beliau selalu dapat memberi contoh yang logis setiap materi yang ada sehingga mahasiswa mampu dengan mudah memahami setiap materi yang diberikan, bapak Fadholi sangat sabar dan baik saat menghadapi mahasiswa/mahasiswi nya.", "mengajar dengan memperhatikan mahasiswa, cara belajar mahasiswa, lebih disiplin.", "cara mengajar cukup baik", "cara mengajar yang baik", "Alhamdulillah, saya mendapatkan pencerahan rohani dan motivasi ketika masuk ke kelas", "cara mengajar cukup baik", "cara mengajar cukup baik", "Materi dari dosen juga perlu selain dari ppt mahasiswa", "cara mengajar cukup baik"], "Drs. M. Hafid Hamid, M.Ag.": ["baik dan pengertian dalam mengajar, tetap lanjutkan ", "Semoga tetap menjaga kualitas pengajaran yang sudah sangat baik", "Dalam melakukan proses belajar-mengajar ada baiknya memanfaatkan teknologi seperti ppt, agar contoh materi yang diberikan lebih efektif dan mudah dipahami", "cara mengajar cukup baik", "Menjelaskan materi dengan memperbanyak studi kasus yang sedang viral", "cara mengajar cukup baik", "Ketika memberi materi, dimohon untuk langsung ke point pentingnya saja, agar penjelasan tidak melebar dan waktu tidak terlalu lama", "Dipertahankan cara mengajarnya dan ketepatan waktu dalam mengisi kelas", "Pak Hamdi mengajarkan saya arti kedisiplinan yang sangat penting", "Ada materi tambahan yang berhubungan dengan yang ada di buku menambah pengetahuan mahasiswa"], "Drs. Romo Eko Putranto, O.Carm, S.Si.": ["cara mengajar sudah baik", "Soal UTS dan UAS nya diluar dari yang diajarkan  gimana dah romo"], "Faiza Alif FakhrinaS.Kom., M.T": ["dosen yang aktif, saat mengajar dia memberikan berbagai tantangan dan apabila berhasil menyelesaikan tantangan mendapat poin tambahan. itu salah satu cara yang baik untuk pendekatan dosen terhadap mahasiswa dan membangun kelas yang aktif. Metode belajar sangat baik sehingga mahasiswa dapat mudah mengerti dan tidak bosan belajar di kelas. Dalam penyampaian materi sangat baik dan menyenangkan.", "mengajarnya sudah sangat baik.", "Mungkin sedikit saran dari saya, Ibu menjelaskan materi sudah baik, namun akan lebih baik jika ibu menjelaskan mengenai pembuatan prototype dengan menunjukkan prototype yang sudah jadi sebagai contoh nyatanya agar mahasiswa lebih dapat memahami", "Kalau liat prototype dilamain dikit ya bu. Agarnya yang membuat prototype merasa lebih dihargai dan senang.", "cara mengajar cukup baik", "mungkin mahasiswanya bisa diberikan tugas mengenai materi yang akan disampaikan di pertemuan berikutnya dan di diskusikan pada hari tersebut", "Terima kasih banyak buk. Gaya pembelajaran asik dan enjoy.", "Ppt nya bagus, jelas dalam menyampaikan materi, mengajak mahasiswanya untuk ikut aktif.\nTerimakasih bu, tetap jadi orang yang ramah yaa :)", "Mungkin di kedepannya diberi informasi tentang projek akhir lebih awal agar mahasiswa punya banyak waktu untuk menentukan ide mereka agar lebih bervariasi dan unik.", "Penyampaian materi bisa lebih perlahan dan jelas"], "Fajar Pradana, S.ST., M.Eng.": ["mengajarnya enak, penyampaian bagus, materinya memang susah hehe", "cara mengajar cukup baik", "Sudah baik dalam menyampaikan materi, keep up the good work", "cara mengajar cukup baik", "Sudah baik dalam kegiatan pembelajaran", "lebih semangat dalam mendidik terimakasih", "ada beberapa soal ujian yang tidak diajarkan saat di kelas", "Bapaknya kalau mengajar ramah sekali. Senyum gitu wajahnya tapi kalau dia ajak ngobrol agak menyeramkann:(", "Kurang keras saat menjelaskan", "Mungkin kedepannya dalam megajar di kelas, agar tidak terlalu cepat"], "Fariz Andri Bakhtiar": ["harus dikurangi adanya jam kosong ", "Saran dari saya bapak diusahakan masuk kelas saat jadwal berlangsung, karena saya merasakan kurang sekali pemahaman saya terhadap materi sistem operasi ini.", "Alokasikan waktu yang sesuai dalam satu semester, sehingga mahasiswa dapat memahami mata kuliah dengan cukup baik", "lebih sering masuk kelas pak dan semangat juga ya mendidik para mahasiswa hehe", "jangan lupa masuk kelas ya pak, seingat saya semester ini baru dua kali bapak masuk kelas saya", "Tolong lebih memperhatikan mahasiswanya,tolong lebih sering untuk menjelaskan", "Sebaiknya bapak selalu hadir di setiap perkuliahan agar mahasiswa mampu memahami mata kuliah ini dengan baik dan bisa dengan mudah ketika mengerjakan soal uts / uas . ", "saya sangat suka dengan cara mengajarnya yang menarik dan langsung di praktikan di laptop  hanya saja agar sering hadir di perkuliahan", "Sevelumnya saya mohon maaf pak, tapi saya harus tanya pak, pak rizal kenapa setelah uts ga pernah sama sekali masuk kelas pak? Apa bapak marah pada kami pak? Mohon maaf pak bagu saya sisop ini sulit pak, saya merasa agak paham matkul ini dari buku yang saya baca pak bukan dari penjelasan bapak , tetapi terimakasih banyak atas ilmu yang telah bapak beri ", "Maaf pak mungkin waktunya bisa di atur lebih baik lagi. Biar bisa mengajar dikelas dengan maksimal. Makasih pak"], "Fatwa Ramdani, S.Si., M.Sc., D.Sc.": ["Suasana belajar seru dan membuat kita lebih faham untuk materi GIS. Terima Kasih Pak", "harusnya lebih banyak implementasi langsung tidak hanya konsep saja.. mahasiswa zaman sekarang lebih mengerti dengan pengalaman langsung untuk menjawab \"how to\" bukan hanya konsepan saja", "U tuk MAta kuliah ini mungkin lebih ke demo menggunakan software dan teknik akusisi data ", "Perbaiki atau rombak ulang metode pembelajaran SIG 1, karena tingkat kesuksesannya sangat rendah bagi saya. ", "Diharapkan untuk memberikan nilai keaktifan mahasiswa yang lebih besar bobotnya", "Materi gis1 cukup berat jika yang menyampaikan atau mempresentasikan mahasiswa, karena adanya gap yang sangat jauh dari pgi ke gis1 sehingga pemahamannya masih sangat kurang", "Sebaiknya pada mata kuliah GIS ini ada praktikumnya sehingga dapat menunjang konsep dan teori yang disampaikan", "Kiranya semakin bijak dalam mengajar dan sukses selalu. Terima kasih Pak Fatwa.", "Bapak semangatt:)) saya seneng banget diajar sama bapak, bapak mengajarnya enak yang gak enak materinya huhu:(( terimakasih bapak untuk satu semesternya, bapak jadi salah satu dosen terbaik yang pernah jadi dosen saya hehe", "Maafkan kami sebagai mahasiswa yang sulit untuk mengikuti model pembelajaran yang bapak buat. Selalu memberi contoh atau tutorial dalam implementasi pengaplikasian analisis geospasial Pak atau referensi situs belajar untuk kami pak agar kami paham dalam pengoperasiannya. "], "Galieh Damayanti, SH.,MH.": ["Terimakasih Bu, kami suka cara mengajar Ibu. Lebih ke praktek", "Ibu gaul banget dan enak mengajarnya\nSemangat Bu", "cara mengajar cukup baik", "Lebih sering memberi tugas", "Pertamakali menemukan pengajar ketatanegaraan yang menyenangkan, PPT tidak membosankan benar-benar langsung point, cara mengajar juga baik untuk anak mudah zaman sekarang hehe setelah kelas selalu dapat ilmu baru, thanks Bu !!", "Cara mengajarnya sudah sangat baik bu sehingga meteri yang sulit pun jadi dapat dipahami dengan mudah. Sangat seru berada dikelas ibu. Terima kasih bu.", "kurangi dalam memeberikan tugas soalnya ini saya fakultas ilmu komputer tapi kok banyak banget tugasnya untuk matkul kewarganegaraan, kalau saya fakultas hukum ya wajar aja kalau dikasih tugas seperti itu, terima kasih", "Penyampaian materi sudah sangat baik dan tugas yang diberikan juga sangat menyenangkan, bisa dipertahankan terus.", "Baik dalam penyampaian materi"], "H.B. Habibi Subandi, S.Sos., MA": ["cara mengajar cukup baik", "cara mengajar cukup baik", "cara mengajar cukup baik", "cara mengajar cukup baik", "Bagus.. tapi jangan terlalu pelit dengan nilai .. ", "Secara keseluruhan bapak habibi sudah baik dalam mengajar", "semoga bapak membuat tugas yang bisa menjadi nilai tambah", "cara mengajar cukup baik", "materi yang disampaikan mudah masuk karena cara mengajar yang sangat jelas, terimakasih pak semoga ilmunya bermanfaat"], "Hanifah Muslimah Az-Zahra, S.Sn., M.Ds": ["Lebih dekat lagi dengan mahasiswa", "cara mengajar sudah baik", "Bu Hani baik dan kalem. Semoga kedepannya Bu Hani dapat mengajarkan materi dengan lebih mengeraskan suaranya. Terimakasih banyak bu ^^", "Lebih memberikan banyak contoh dari materi yang diajarkan", "cara mengajarnya ditingkatkan lagi bu biar kita semangat :)", "Sudah bagus dalam pembelajaran di kelas", "cara mengajar cukup baik", "Suara kurang keras saat menjelaskan", "cara mengajar cukup baik", "Sebaiknya tugas tidak selalu ada setiap pertemuan karena terkadang sulit membagi waktu"], "Haru Permadi, S.H., M.H.": ["Untuk proses pembelajaran lebih menarik saat berkaitan dengan uu secara langsung tidak hanya mengenai kasus atau materi tertulis saja", "mungkin lebih sering diperlihatkan video kemudian menganalisis video tersebut", "Lebih sering hadir di kelas dan lebih komunikatif dengan perwakilan kelas", "Menurut saya sebenarnya bapak dalam menyampaikan materi sudah baik. Namun, hanya pemberian slide atau referensi yang kurang. Sehingga kedepannya perlu menshare materinya. Terima kasih", "cara mengajar yang baik", "Memperjelas pemberian materi dengan kasus-kasus yang viral, meningkatkan pemberian umpan balik dari tugas yang diberikan", "Lebih sering masuk kelas saja", "Perdalam materi yang akan di ajarkan", "cara mengajar cukup baik", "Tingkatkan keseruan dalam mengajar"], "Himawat Aryadita, ST., M.Sc.": ["kalau beliau menjelaskan materi sih oke aja, tetapi yang saya beratin beliau memberi tugas topik dictio sebanyak 3000? dan kelompok saya sudah mencapai target itu tetapi nilai project dianggap 0. hmm yasudahlah", "Saya rasa hal yang bisa dipelajari untuk kedepannya mungkin bapak bisa menceritakan secara panjang lebar bagaimana visi yang bapak inginkan ketika memberikan projek. Saya pribadi jujur baru memahami benar maksud dari projek bapak ketika hampir dipertengahan. Saya belajar banyak didalam kelas bapak dan saya harap diskusi dan sharing pengalaman bisa bapak terapkan juga untuk kedepannya.", "Perlu dilakukan perubahan penilaian, Standar penilaian dalam melakukan presentasi harus diturunkan agar mahasiswa tidak mengejar auto A hanya dengan 3000 post seperti yang terjadi saat ini. ", "terimaksih ilmunya pak. semoga menjadi amal jariyah yang bermanfaat. sukses dictionya. dan mungkin lebih baik kedepanya dictio dengan post perkelompok 3 ribu jangan dijadikan proyek lagi pak, karena jadinya banyak anak yang curang, satu anak curang dan berhasil memicu anak-anak lain yang berjiwa kompetitif ikut tidak mau kalah. sehingga seharusnya nilai bisa untuk mengukur tingkat pemahaman akan ilmu tetapi malah jadi mengukur tingkat kesuksesan post di dictio, terimakasih pak.", "Selalu murah senyum ya pak. Terima kasih atas ilmunya.", "Semoga besok tugas manpro lebih relevan lagi, tidak menggunakan dictio sebagai objek", "mengajar dengan cukup baik", "Metode yang diberikan kurang efektif untuk membuat mahasiswa secara mandiri belajar mengerjakan proyek dengan serius. Mahasiswa yang dapat mengisi topik dengan maksimal tanpa menerapkan hasil pembelajaran secara serius lebih diapresiasi dibandingkan mahasiswa yang mengerjakan proyek dengan serius dan dianggap mengada-ngada. Kedepan bisa diperbaiki metodenya, sebenarnya bagus jika dipantau, yaitu dosen ikut masuk ke dalam proyek untu membuktikan seberapa serius mahasiswa tersebut mengerjakan proyek", "1) Selalu konsisten dalam penilaian Pak, agar kami tidak bingung. Hampir setiap minggu penilaian dari bapak berubah-ubah. 2) kurangnya memberikan feedback terhadap tugas (tugas akhir) yang kami kerjakan, sehingga membuat kami kebingungan, apakah tugas yang kami kerjakan sudah sesuai dengan standard bapak?, 3) kurangnya publikasi informasi dalam pencapaian pengerjaan tugas, kami tidak tahu bahwa tugas kami sudah dinyatakan selesai apa belum ...", "Materi tidak sesuai dengan apa yang di praktekan pada tugas akhir, tolong agar lebih jelas dan lebih rinci dalam memberikan tugas akhir"], "In`Amul Wafi, S.Pdi., M.Ed.": ["cara mengajar cukup baik", "cara mengajar cukup baik", "cara mengajar cukup baik", "cara mengajar cukup baik", "Semoga mengajarnya lebih baik lagi", "cara mengajar cukup baik", "cara mengajar cukup baik", "cara mengajar sudah baik", "Lebih di perbanyak lagi tugas untuk mahasiswa agar mahasiswa dapat belajar dari tugas tersebut"], "Ir. Bambang Semedi, M.Sc., Ph.D.": ["Ditingkatkan nilai komunikasi pada mahasiswa agar kelas menjadi lebih hidup", "sangat baik dalam memberikan contoh2 yang berhubungan dengan materi dan kehidupan", "Penyampaian materi sangat baik."], "Ismiarta Aknuranda, ST., M.Sc., Ph.D.": ["Dalam mengajar sudah sangat baik pak.", "Seru sekali setahun bersama pak tatang, kitanya bisa memahami pemrograman secara mendalam karena menggunakan contoh di kehidupan nyata, dan sering diajak untuk eksekusi codingan secada langsung, sehingga kitanya mengena dengan materi pemrograman tadi", "saya sangat suka dengan cara mengajarnya dari semester 1 lalu dan langsung di praktikan di laptop yang membuat saya semangat untuk hadir kuliah", "Saya sangat senang dengan tugas yang diberikan di setiap sub bab yang dipelajari", "Sebaiknya diperbanyak live coding dimana dikerjakan bersama- sama dengan mahasiswa.", "Dosen terkait sudah mengajar dengan maksimal, sebaiknya ditingkatkan lagi metode mengajar untuk mahasiswa", "perbanyak praktek, perdikit teori", "Sudah jelas dan baik dalam menjelaskan materi", "Metode pembelajaran di kelas bagi saya sangat efektif, konsep dasar dari materi menjadi mudah dipahami dan diingat", "Sebaiknya saat menjelaskan langsung saja dengan praktik agar mudah di pahami , tidak di sertai teori\" perumpamaan agar tidak membingungkan . Selebihnya untuk cara mengajar bapak sangat baik dan sabar menghadapi mahasiswanya sehingga kita kadang segan untuk ramai di kelas ,hingga saya selalu memperhatikan bapak ketika menyampaikan materi"], "Kamarudin, LLM": ["baik dan sabar", "lebih interaktif lagi cara mengajarnya", "Suasana belajar menarik dan mudah untuk dipahami", "Diskusi yang terbuka dan pertanyaan yang membuka pemikiran sangat membantu saya memahami konsep dan juga memahami sudut pandang orang lain. Mohon untuk dilakukan juga seterusnya pak. Mungkin untuk penugasannya agar jauh lebih menarik dan menantang ataupun topik diskusi yang kontroversial tetapi sangat relevan dengan mata kuliah dapat juga disisipkan.", "volume suara diperbesar sedikit, hingga kedengeran sampai baris belakang", "akan lebih baik apabila dengan menerapkan diskusi tanya jawab terkait materi dan lebih tegas", "Lebih menghidupkan suasana ketika mengajar sehingga mahasiswa tidak mengantuk, terima kasih pak", "Sudah baik, memberi metode baru agar mahasiswa lebih memahami pentingnya perkuliahan kewarganegaraan, seperti mendramakan sejarah, atau debat antara yang pro dan kontra terhadap suatu isu untuk membuat mahasiswa berpikir kritis", "saat pembelajaran kurang aktif", "cara mengajar cukup baik"], "Khalid Rahman, S.Pd.I., M.Pd.I.": ["bapaknya enak jelasinnya", "cara mengajar sudah baik", "Lebih mengakrabkan dengan mahasiswa lagi", "cara mengajar cukup baik", "cara mengajar cukup baik", "Sebaiknya saat mengaji bersama lebih menyamakan kecepatan membaca dengan mahasiswanya", "Secara umum bapak khalid sudah mengajar dengan baik dan penguasaan materinya juga sangat baik", "semoga diadakan tugas perorangan agar memberikan nilai tambah", "Sangat puas dengan materi yang disampaikan. Tetap pertahankan pak pencontohan materi yang berkaitan dengan kehidupan sehari-hari", "sudah bagus dan menguasai materi"], "Komang Candra Brata, S.Kom., M.T.": ["Tepat waktu dalam melaksanakan belajar-mengajar", "cara mengajar cukup baik", "cukup baik,tapi kurang responsif", "DIAP matakuliah yang sangat menyenangkan, semoga senantiasa dapat ditingkatkan di tahun depan", "Kedepannya agar masuk kelas lebih tepat waktu lagi", "Sudah baik dalam menyampaikan materi dan pemberian tugas.", "Jelas dalam memberi materi", "materi yang disampaikan mudah masuk karena cara mengajar yang sangat jelas, terimakasih pak", "Sangat bijaksana sekali, dengan semua arahan yang diberikan menjadikan saya mengerti dan belajar tentang arti disiplin dari kesadaran diri", "lebih menghidupkan kelas"], "Lutfi Fanani, S.Kom., M.T.": ["Diteruskan pak untuk mata kuliah imk mengenai tugas akhirnya dapat menambah kreatifitas dan memunculkan inovasi-inovasi baru", "Agar lebih mengenali mahasiswa yang mengikuti perkuliahannya", "Lebih dibuat suasana menjadi lebih memperhatikan bapak saat menjelaskan materi.", "Lebih semangat dan ceria ya Pak. Terima kasih atas segala Ilmunya. Semoga dapat menjadi lebih bermanfaat dan lebih baik ke depannya. Semangat Pak :D", "cara mengajar cukup baik", "quiz kalau bisa dilakukan sebelum adanya ujian tengah & akhir, karena dapat membantu mahasiswa untuk mengevaluasi materi kuliah ", "Mohon lebih kreatif lagi pak.", "Memberikan contoh soal UTS/UAS untuk persiapan mengikuti ujian", "Sudah baik dalam memberikan suatu materi, mampu membuat mahasiswanya terinspirasi dan memiliki ide ide dalam bidang bisnis atau suatu interface", "Ketika penyampaian materi, suara tolong diperbesar pak."], "Mahardeka Tri Ananta, S.Kom., M.T.": ["Harapan kedepannya mungkin bapak dapat lebih bisa menghidupkan suasana kelas", "Baik dalam penjelasan dan ketegasan di dalam kelas", "Sudah baik pak, Namun untuk sarana komunikasi dengan dosen mohon untuk ditambah.", "Materi yang disampaikan di kelas sudah sangat jelas dan lengkap. Jam masuk mengajar juga selalu tepat waktu. Pengumpulan tugas juga dilakukan dengan sangat rapi. Terimakasih atas ilmu nya selama 1 semester ini pak Deka :)", "Penjelasan materi hampir 95% hanya membaca slide, saran saya coba belajar dari bu Retno untuk bagaimana mengajarkan suatu materi evaluasi UI UX yang baik", "Materi mudah dipahami dan sangat jelas", "Jam kosong mengurangi jam pertemuan, sehingga kurang dapat memahami materi", "Karena dikasih ppt, walaupun absen bolong materi tetap masuk", "cara mengajar sudah baik namun kurang dalam penyampaian materi tertentu", "sejauh ini materi yang disampaikan sangat detail dan mudah dipahami"], "Mahendra Data, S.Kom., M.Kom": ["Memberikan contoh yang optimal lagi", "mengajarnya sudah baik.", "Menjelang UTS dan UAS mohon diberikan soal latihan pak.Terima kasih", "cara mengajar cukup baik", "memikirkan bagaimana caranya membuat materi yang membosankan dan banyak istilah lebih menarik lagi dan mudah untuk dicerna", "Sebaiknya pemberian tugas setiap bab diberikan karena mata kuliah sistem operasi merupakan mata kuliah yang membutuhkan kemampuan menghafal, sehingga mahasiswa dapat mencicil materi untuk persiapan ujian", "Penyajian materi sudah sangat bagus", "Lebih baik lagi kedepannya, mungkin dengan memberikan contoh umum yang berhubungan dengan materi sehingga mahasiswa lebih cepat mengerti.", "Karena materinya sangat banyak, diharapkan dapat meringkas atau memberi garis bawah pada materi-materi yang penting.", "Makasih pak, atas ilmunya satu semester ini. mengajarnya enak, santai dan materinya juga jelas"], "Mifdal Zusron Alfaqi, M.Sc.": ["sering sering berdiskusi dengan mahasiswa , pak! sangat menyenangkan cara diskusinya", "cara mengajar cukup baik", "Materi yang disampaikan menarik, namun alangkah baiknya bapak lebih sering menghadiri perkuliahan", "Bapak sudah sangat baik saar mengajar", "saat menjelaskan materi jelas dan materi yang disampaikan terstruktur", "Diusahakan untuk selalu hadir dalam perkuliahan", "Cara belajar sudah baik dengan tugas dan diskusi. Mungkin perbanyak diskusi permasalahan sekitar.", "cara mengajarnya mudah untuk dapat dipahami", "Bapaknya disiplin, terimakasih ilmunya pak\n", "masuk secara rutin pak"], "Millatuz Zakiyah, S.Pd., M.A.": ["Sudah baik dalam pembelajarannya. Terima Kasih Bu Milla.", "Datang lebih tepat waktu", "cara mengajar cukup baik", "mempertahankan sistem pengajaran ", "dikurangi terlambatnya ya bu", "cara mengajar cukup baik", "Lebih bisa membawa suasana dalam mengajar", "Untuk materi diskusi lebih diperbanyak lagi agar mahasiswa lebih aktif dalam berargumen ", "Sangat bagus dalam mengajar, pertahankan dan tingkatkan"], "Mochamad Chandra Saputra, S.Kom., M.T": ["Penyampaian materi sudah bagus ", "kurangi membual, banyakin implementasi langsung dan diskusi tanya jawab biar tidak membosankan", "cara mengajar sudah baik", "Penyampaian materi sangat mudah dipahami akan tetapi kejutan kejutan dalam perkuliahan lebih di perbanyak dan di variasi", "Semoga semakin sering memberi kisi2 saat proses belajar mengajar", "Jangan galak galak pak,cakepnya ilang ntar", "Materi yang bapak sampaikan sangat baik dan dapat dipahami oleh mahasiswanya.", "Lebih banyak humor\" untuk memecah ke kakuan di kelas, soalnya saat pertama bertemu yang bapak bawa itu seram bagi yang belum kenal bapak , Semangat Pak ", "pengajarannya enak. kuis dadakanya juga materinya tidak jauh dari yang disampaikan.  terimakasih pak, semoga ilmunya menjadi amal jariyah yang bermanfaat", "Lebih sering memberikan tugas lagi"], "Mokhamad Jainuri, S.S., M.Hum.": ["Pembawaan materi baik", "Pertahankan ketepatan waktu mengajar di kelas.Terima kasih", "cara mengajar cukup baik", "mengajarnya sudah baik.", "Sudah sangat baik dalam penyampaian materi dikelas maupun tugas kelompok yang diberikan", "Banyak memberi soal latihan", "Disiplin waktu dan materi sudah baik", "Lebih baik lagi kedepannya, mungkin memberi soal latihan di setiap akhir presentasi dari tiap kelompok mahasiswa.", "Penyampaian materi jelas, berwibawa.\nSaran lebih toleransi untuk kelas yang di pagi hari jam 7. Ada beberapa mahasiswa terlambat 10 menit dan tidak dianggap hadir, kemudian menjadi masalah di persentase presensi.", "Cara mengajar unik, sangat cocok dengan mahasiswa sekarang, dan asik bergaul, terimakasih"], "Nanang Yudi Setiawan, ST., M.Kom.": ["cara mengajar cukup baik", "Menurut saya sudah baik, namun mungkin harus lebih dapat menghidupkan suasana kelas.", "harusnya materi tentang implementasinya juga dijelaskan juga, mahasiswa saat ini jauh lebih mengerti melalui implementasi langsung, bukan hanya konsep saja", "Pak, terima kasih sebelumnya telah memberikan ilmu dan bimbingannya selama ini. Namun saya ingin memberikan masukan terkait dengan pemengajaran Bapak, jujur saya masih banyak yang belum mengerti, Pak.. jadi saya dan perwakilan teman-teman memohon supaya Bapak menjelaskan lebih detil terkait materi yang disampaikan. Sukses selalu, Pak..", "di kembangkan penyampaian materinya", "Terima kasih atas ilmunya selama 4 semester berturut-turut ini semoga ilmunya bermanfaat ya pak. Saya mengamati cara mengajar bapak tidak pernah berubah dan terkesan agak garing selama di kelas tapi saya telah memahami itu. Jujur saja saya kurang mengerti tentang yang bapak ajarkan. Terus terang 2 semester awal saat diajar bapak, bapak selalu memberi nilai B+. Namun saat semester 5 mengapa jadi C+ pak ? Tidak biasanya. Semoga nilai saya kali ini memuaskan.", "cara mengajar cukup baik", "mengajar dengan memperhatikan mahasiswa, cara belajar mahasiswa, lebih disiplin.", "Lebih memperjelas penyampaian materi dengan memberikan contoh - contoh yang sesuai dengan konteks kehidupan", "cara mengajar cukup baik"], "Niken Hendrakusma Wardani, S.Kom., M.Kom.": ["cara menerangkan perlu diperjelas lagi", "Terima kasih bu niken sudah memberikan pemengajaran yang bermanfaat. Semoga bisa lebih baik lagi dalam memberikan materi yang di ajarkan dan sehat terus ibu dan keluarga kecilnya. Terima kasih juga untuk bu sufia yang sudah menggantikan bu niken dengan sangat baik dan santun", "Sudah Baik dalam pemengajaran. Untuk quiz atau tugas lebih ditekankan lagi. Agar waktu UTS dan UAS siap. Terima kasih Bu Niken. Selamat bu untuk kelahiran anaknya.", "cara mengajar cukup baik", "cara mengajar cukup baik", "Sebaiknya ada presentasi antar kelompok di kelas", "Sangat bagus dalam mengajar, pertahankan dan tingkatkan", "Menurut saya cara mengajarnya sudah bagus, tidak membuat mahasiswa jenuh.", "Pembelajaran nya menyenangkan, mungkin untuk konsep materi bisa dijelaskan dulu sebelum diimplementasikan", "Cukup. Namun penguasaan materi seperti bapak patut dicontoh."], "Noveria Anggraeni Fiaji, M.Pd.": ["Dalam mengajar sudah sangat baik bu. Makasih bu", "cukup menguasai materi", "Pokoknya enak banget diajar bu nove, rasanya materi bahasa indonesia itu lebih nyata, karena mungkin perbedaan umur yang tidak jauh, sehingga komunikasi yang terjalin lancar. ", "saya sangat suka dengan cara mengajarnya yang mudah dipahami dan pemberian contoh yang spesifik, hanya saja menurut saya materi perkuliahan lebih banyak dijelaskan oleh mahasiswa daripada dosen agar mahasiswa lebih mudah memahami", "Dosen terkait sudah mengajar dengan maksimal, sebaiknya ditingkatkan lagi metode mengajar untuk mahasiswa", "jelas dalam menjelaskan materi", "Bagi saya cara pembelajaran di kelas sudah baik", "Sangat baik ketika memberi atau menyampaikan materi yang di ajarkan . Membuat para mahasiswa lebih aktif karena ada poin tambahan untuk bertanya dan menjawab pertanyaan . Tapi terkadang suka bingung ketika ibu bertanya ada yang di tanyakan ? Karena kadang bingung mau bertanya apa . Sebaiknya pertanyaan tersebut tidak sering digunakan agar mahasiswa tidak canggung.", "penjelasan rinci kurang diterangkan", "Bu nova baik saya merasa bu nova dosen terfavorit di semester ini , penjelasan bu nova bagus , sampai kita benar paham , saya sampai ingin jika mau skripsi nanti , konsul nya ke ibu nova , terimakasih banyak bu atas ilmu yang telah bapak beri selama satu semester ini bu"], "Nurizal Dwi PriandaniS.Kom., M.Kom": ["Bagi saya cara pembelajaran di kelas sudah bagus dan mudah bagi saya untuk memahami materi", "Saya bingung pak, apa sarannya. Menurut saya penggunaan edmodo kurang maksimal dan tidak efektif ", "Cara mengajar pak rizal menyenangkan jadi mudah untuk saya memahami. Sarannya menurut saya tidak ada", "lebih interaktif saat menyampaikan materi di dalam perkuliahan", "Alokasi waktu yang cukup dalam pengerjaan projek akhir. Sehingga projek akhir dapat diselesaikan seutuhnya", "saya sangat suka dengan cara mengajarnya karena menggunakan bahasa yang lebih mudah dipahami, dan penjelasan materi mata kuliahnya sangat jelas ", "Lebih melibatkan mahasiswa ya pak", "dalam mengajar sudah baik, semoga kedepanya tambah baik lagi pak", "Dosen terkait sudah mengajar dengan maksimal, sebaiknya ditingkatkan lagi metode mengajar untuk mahasiswa", "Sudah baik dan jelas dalam menjelaskan materi"], "Prof.Dr. I Nyoman Nurjaya, SH., MH.": ["Suara pemberian materi di kelas mungkin perlu dikeraskan sedikit agar didengar mahasiswa dibelakang", "cara mengajar sudah baik"], "Putra Pandu Adikara, S.Kom., M.Kom.": ["Ketika mengajar jangan terlalu cepat sehingga membingungkan mahasiswanya", "tugasnya akhirnya terlalu susah :(", "Lebih memberi kesempatan langsung kepada mahasiswa untuk mengoding saat materi dikelas telah selesai disampaikan oleh bapak ", "cara mengajar cukup baik", "cara mengajar cukup baik", "Luar biasa pak cuman mungkin mahasiswa lebih dilibatkan masalah kodingnya,misalnya mencoba ngoding bareng saat kelas, mereka mencoba satu-satu di laptop.", "Agar saat proses pembelajaran mahasiswa diajak juga untuk mempraktekkan apa yang telah disampaikan sehingga mahasiswa dapat langsung mempaktekkan apa yang diberikan", "mungkin meningkatkan keterlibatan mahasiswa dalam mengerjakan sebuah skenario yang diberikan pada setiap pertemuan ", "sudah baik terhadap mahasiswanya, bisa menjadi contoh dalam hal ketegasan dan tidak melakukan kecurangan, mampu memberikan materi materi dengan baik dan mudan cukup mudah dimengerti, terimakasih telah membimbing saya dan sudah menjadi inspirasi ketika belajar", "Kalau coding, mahasiswanya tolong diajak pak"], "Rahmat TrialihS.Kom.,M.Kom": ["dalam menyampaikan materi terlalu cepat, dan terkadang menggunakan bahasa yang sulit dimengerti oleh mahasisawa.", "Jangan terlihat grogi di awal perkuliahan karena sering terlihan berkeringat seperti masih gugup ataupun grogi.\nSering lupa materi yang disampaikan sebaiknya sebelum masuk kelas memeriksa materi terlebih dahulu dan jangan memperlihatkan kalau lupa materi", "Terpaku dengan slide saat mengajar, coba lebih banyak interaksi didepan keramaian umum.", "Sudah baik dalam menyampaikan materi, pemberian tugas, dan umpan balik terhadap tugas", "Menurut saya jika materi yang disampaikan cukup banyak lebih baik diterangkan dengan  lebih banyak analogi. Karena materi yang penuh definisi atau penjelasan terkadang sulit dipahami mahasiswa. Atau bisa diberikan tugas dan setelah itu dijelaskan yang benarnya.", "Menurut saya sudah baik, tetapi dalam penyampaian materi banyak membaca slide dan nilai tidak perlihatkan secara transparan. Sehingga kedepannya perlu untuk mempersiapkan materi lebih awal dan memperlihatkan nilainya. Terima kasih", "lebih interaktif lagi cara mengajarnya Pak, agar Mahasiswa tidak mengantuk", "tolong lebih banyak memberikan contoh kasus yang berhubungan dengan teknologi informasi kekinian dan kultur startup, bukan cuma contoh konvensional saja.. kalau konvensional saja, anak SMP juga tahu logikanya", "volume suara diperbesar sedikit, hingga kedengeran sampai baris belakang", "Sering sering masuk ya pak"], "Randy Cahya Wihandika, S.ST., M.Kom.": ["cara mengajar cukup baik", "cara mengajar cukup baik", "cara mengajar yang baik", "cara mengajar cukup baik", "cukup baik, namun penjelasan tentang materi akhir dan praktek masih kurang", "Menjelaskan materi dengan lebih perlahan akan makin jelas", "Kedepannya agar lebih diperlambat lagi ketika menjelaskan dan memberi contoh dari kasus yang ada di materi", "Sudah baik dalam pembelajaran. Semoga tetap memberikan inspirasi terhadap mahasiswa", "Penjelasan yang diberikan mudah dimengerti . Tetap pertahankan cara mengajarnya"], "Retno Indah Rokhmawati, S.Pd., M.Pd": ["Bu retno dosen yang paling ramah terhadap mahasiswa sistem informasi, semoga beliau menjadi dosen terfavorit di Filkom dan mahasiswanya dapat nilai bagus semua amin", "Sangat baik dalam mengajar", "Penjelasan yang ibu berikan sudah sangat membantu saya untuk membuka pemikiran saya. Pendekatan yang dilakukan untuk menjelaskan sebuah topik juga sangat baik sehingga saya juga dapat mengerti logikanya dengan juga menyertakan buku dan penelitian serta pengalaman yang relevan dari ibu. Mungkin menurut saya bisa ditambahkan sesi diskusi sehingga kami juga bisa menemukan hal-hal baru diluar dari materi yang juga relevan dengan topik sehingga kelas terasa lebih dinamis dalam pembelajarannya.", "cara mengajar cukup baik", "pertahankan cara mengajar saat ini bu, dan tingkatkan hal hal yang dirasa kurang", "mengajarnya sudah baik", "Dalam mengajar sudah cukup jelas ", "Jangan terlalu cepat Bu dalam menjelaskan materi ...", "Jangan terlalu bertele-tele dalam menyampaikan materi di kelas", "cara mengajar cukup baik"], "Sabriansyah Rizqika Akbar, S.T., M.Eng.": ["Mengingat susahnya soal UTS dan UAS. Mohon diberikan soal latihan terhadap materi yang diampu", "mengajarnya sudah baik.", "cara mengajar cukup baik", "membuat materi yang akan diajarkan lebih menarik lagi khususnya jika banyak istilah", "Sebaiknya mahasiswa dilibatkan dalam pengenalan komponen komputer secara langsung  (bukan dalam bentuk praktik) sehingga mahasiswa mudah memahami materi yang dijelaskan", "Makasih pak, atas ilmunya satu semester ini. mengajarnya sudah enak, menjelaskan materinya pakai bahasa sehari-hari, jadi mudah mahaminya", "Sudah sangat bagus dalam pemberian materi maupun penilaian tugas", "Banyak memberi soal", "Lebih baik lagi kedepannya, mungkin memperbanyak latihan soal agar mahasiswa lebih cepat memahami materi yang mayoritas merupakan hafalan yang cukup banyak.", "terimakasih telah mengajar kami selama satu semester, mungkin untuk kedepannya bisa memberikan sedikit tugas di setiap pertemuan agar mahasiswa lebih memahami materi yang bapak sampaikan"], "Satrio Hadi Wijoyo, S.Si., S.Pd., M.Kom": ["Pak tolong jangan sedikit2 poin. Tidak semua mahasiswa suka maju pak. Terimakasih", "cara mengajar cukup baik", "semoga dapat lebih baik lagi dalam memberikan penjelasannya, terima kasih pak", "cara mengajar cukup baik", "Menjelaskan materi dengan lebih perlahan dan memperbanyak soal - soal latihan", "cara mengajar cukup baik", "Kedepannya agar diperlambat lagi dalam menyampaikan materi di kelas", "Pak,  bagi2 pointnya dibanyakin lagi ya pak ", "cara mengajar sudah baik", "cara mengajar cukup baik"], "Suprapto, ST., MT.": ["Maaf sebelumnya pak. Menurut saya yang kurang hanya materi yang diajarkan dan yang diujikan banyak yang tidak keluar serta jumlah soal yang diujikan terlalu banyak. \nSehingga kedepannya menurut saya perlu pengecekan kembali terkait materi dan soal ujian. Terima kasih", "semoga penyampaian materi lebih intens lagi ya Pak, ", "Terima kasih atas ilmunya ya bapak kaprodiku & semoga bermanfaat ya pak. Mungkin pembawaan bapak saat mengajar sangat serius sehingga suasana kelas jadi lebih diam serta terkesan agak garing tapi itu semua baik demi diserapnya ilmu.", "PPTnya dibuat lebih menarik dan sederhana pak.", "Pemberian materi yang diajarkan sesuai dengan kehidupan nyata, namun dalam penyampaian materi baiknya terdapat interaksi terhadap mahasiswa, sehingga kelas menjadi lebih interaktif", "mengajarnya sudah baik.", "cara mengajar cukup baik", "Sudah baik pak Pengajarannya, terima kasih pembelajaran METPENnya selama satu semester.", "Penyampaian materi di slide seringkali hanya lewat ataupun hanya di baca tanpa ada penjelasan detail", "Mungkin dengan melakukan sedikit diskusi saat perkuliahan dapat sedikit menghidupkan suasana kelas"], "Tibyani, S.T., M.T.": ["materi kurang jelas", "Agar materi yang disajikan dijelaskan lebih detail dalam perkuliahan", "Saya terkadang tidak memahami apa yang bapak jelaskan karena bapak terkadang tidak menjelaskan secara maksimal sehingga saya  tidak terlalu memahami materi apa yang bapak sampaikan dikelas", "Kalau menjelaskan materi mohon lebih dipejelas pak.", "Mempersiapkan materi yang dibawakan untuk kuliah, sehingga tidak ada melakukan pencarian materi kuliah di google saat pembelajaran berlangsung", "quiz kalau bisa dilakukan sebelum adanya ujian tengah & akhir, karena dapat membantu mahasiswa untuk mengevaluasi materi kuliah ", "cara mengajar cukup baik", "terimakasih kepada bapak tibiyani yang sudah menyempatkan waktunya pagi hari untuk mebimbing saya dalam hal pembelajaran arsitektur organisasi komputer, jujur saja saya masih cukup dapat memahami pembelajaran ini, tetapi saya teringat kata kata dari bapak yang selalu mendukung mahasiswanya untuk terus rajin dalam hal membaca dan belajar yang membuat saya terus berusaha dalam pembelajaran yang baik..", "Semoga materi yang disampaikan lebih tepat ", "Penyampaian materi sedikit diperjelas pak"], "Tri Afirianto, S.T., M.T": ["Lebih mengakrabkan dengan mahasiswa lagi", "cara mengajar sudah sangat baik", "Cara mengajar sudah cukup baik, tetapi kalau misal ada mahasiswa yang terlambat jangan langsung dicoret pak kasian soalnya kadang terlambatnya cuman bentar saja", "lebih semangat dalam mendidik terimakasih", "Sudah baik dalam kegiatan pembelajaran", "cara mengajar sudah sangat baik", "cara mengajar cukup baik", "Sebaiknya bapak jangan datang terlambat", "cara mengajar cukup baik", "cara mengajar cukup baik"], "Triya Indra Rahmawan, S.H., M.H.": ["Pak besok2 mending bapak yang ngabsenin deh, biar gak banyak yang titip absen... Saya kesel pak sama mereka2 yang suka titip absen karena alasan gak jelas tapi nilainya lebih bagus dari yang sering hadir", "cukup baik penjelasan yang diberikan cukup jelas", "Penyampaian materi nya bagus dan tepat, mungkin penekanan intonasi bisa disesuaikan agar mahasiswa dapat fokus mendengarkan materi apa yang dibahas", "Materi yang diajarkan selama di kelas cenderung singkat, padat, dan jelas. Tetap pertahankan pak.", "cara mengajar cukup baik", "Pak Triya sangat baik dan santai kalau mengajar. Sehingga mudah dipahami", "cara mengajar cukup baik", "Lebih tegas lagi", "Perbanyakan diskusinya pak. Terimakasih", "semoga makin sabar ya pak hadapi anak filkom"], "Vivi Nur Wijayanimgrum, S.Kom., M.Kom.": ["cara mengajar sudah baik", "Semoga untuk semester kedepannya lebih baik lagi dalam menyampaikan materi", "Pertahankan apa yang ibu Sufia punya. Hanya kurang dalam penyampaian materi yang cenderung cepat. Namun selebihnya ibu terbaik.", "cara mengajar sudah baik", "cara mengajar yang baik", "Tolong ketika mengajar menjelaskan materinya tolong agak pelan, kadang kalau cepat agak lama dipahami", "menjelaskan nya cepet bgt ya buk ,jadi tambah pahammm:))))))", "Mohon kalau menjelaskan jangan terlalu cepat Bu, jadi terkadang kurang jelas dan sulit dipahami. Semoga sukses selalu, Bu.", "Menjelaskan materinya harus lebih lagi karena banyak yang belum paham", "Ibu Sufia sangat baik dalam memberikan materi, beliau sangat paham dengan materi yang diberikan, mulai dari konsep sampai dengan contoh dalam kehidupan sehari-hari, Ibu sufia sangat sabar dan selalu terlihat ceria, beliau sangat ramah dengan mahasiswa/mahasiswa nya, beliau juga selalu dapat menjawab pertanyaan mahasiswanya dengan sangat jelas dan mudah dipahami."], "Welly Purnomo, ST., M.Kom.": ["semoga dapat lebih baik lagi dalam memberikan penjelasannya, terima kasih pak", "Saran saya, bapak harus banyak berinteraksi dengan mahasiswa agar hubungan dosen dengan mahasiswa lebih erat", "cara mengajar cukup baik", "cara mengajar cukup baik", "cara mengajar cukup baik", "cara mengajar sudah baik dan membuat mahasiswa lebih paham", "Maaf sebelumnya jika saya tidak sopan. Saran saya, ketika bapak mengajar jangan terlalu cepat dalam menjelaskan materi karena kadang saya kurang mengerti dengan apa yang bapak jelaskan.", "Semoga bisa lebih menarik perhatian mahasiswa lagi dalam pembelajaran sehingga mahasiswa antusias.", "Pak jangan samakan si dengan tif pak. Terimakasih", "Semoga terus bisa menjadi dosen yang mudah dalam mengajarkan materi dan bisa memotivasi mahasiswa"], "Widhy Hayuhardika Nugraha Putra, S.Kom.": ["perlu adanya pembawaan yang menarik dibarengi dengan intermeso", "Lebih sering masuk ya pak, enak banget diajarin sama bapak jadi paham. Terima kasih pak atas ilmunya", "Penjelasan yang diberikan oleh bapak sebenarnya sudah sangat relevan dan mudah dicerna akan tetapi kelas terasa kurang hidup. Mungkin kedepannya bisa ada diskusi terbuka ataupun disela penjelasan ada candaan ringan sehingga kelas lebih terasa dinamis dalam pembelajarannya.", "akan lebih baik apabila menjelaskan sambil melihat kondisi kelas, tidak hanya duduk di meja depan", "cara menejaskan sudah cukup baik, lebih baik lagi kalau bisa menghidupkan suasana kelas", "Sudah baik, tetapi intonasi suara ditingkatkan", "cara mengajarnya mudah untuk dapat dipahami", "Pak Widhy adalah dosen yang sangat baik dan sampai saat ini menjadi arahan yang terbaik untuk saya ", "Apabila ada kelas mohon masuk sesuai jadwal dan tidak mencari kelas pengganti lainnya.", "Selalu ciptakan suasana kelas yang interaktif."], "Yusi Tyroni Mursityo, S.Kom., M.AB.": ["kelas dimulai tepat waktu aja ya Pak, jangan molor sejam hehe. Makasih ilmunya Pak", "Terima kasih atas ilmunya & semoga bermanfaat ya pak. Saya senang dengan cara mengajar bapak karena diselingi humor tapi semuanya berubah ketika presentasi proyek akhir mata kuliah yang menjadi penuh rasa cemas & deg-degan.", "Dalam menjelaskan materi terlalu cepat, dalam memberikan pemahaman dasar kepada mahasiswa masih kurang sehingga mahasiswa (saya) masih belum paham sepenuhnya", "baik, materinya tolong diperbanyak yang bahasa indonesia", "Dapat lebih meningkatkan untuk menghidupkan suasana kelas saat pembelajaran", "mengajar dengan cukup baik", "Mohon agar slide materi dapat lebih atraktif", "materi banyak, namun jalannya perkuliahan tidak lancar karena kebanyakan cerita dan penjelasan akan materi pun buruk, cuman baca slide dan penjelasan sedikit bgt. akhirnya dilempar ke mahasiswa untuk baca sendiri dirumah", "Sebaiknya pemberian tugas disampaikan dengan jelas hasil yang diharapkan seperti apa sehingga tidak terjadi kesalahan yang terlalu jauh pada pengerjaan tugas oleh mahasiswa", "cara mengajarnya mudah untuk dapat dipahami"]}